{"model":{"version":2,"nodes":[{"name":"RootNode","position":[0,0,0],"rotation":[0,0,0],"scale":[1,1,1]},{"name":"Cylinder003","position":[0,0,0],"rotation":[-90,-0,0],"scale":[0.01,0.01,0.01]}],"parents":[-1,0],"skins":[],"vertices":[{"position":{"type":"float32","components":3,"data":[0,0,0,49.2404,8.68241,0,50,0,0,46.9846,17.101,0,43.3013,25,0,38.3022,32.1394,0,32.1394,38.3022,0,25,43.3013,0,17.101,46.9846,0,8.68241,49.2404,0,3.7749e-06,50,0,-8.6824,49.2404,0,3.7749e-06,50,0,-17.101,46.9846,0,-25,43.3013,0,-32.1394,38.3022,0,-38.3022,32.1394,0,-43.3013,25,0,-46.9846,17.101,0,-49.2404,8.68243,0,-50,1.94707e-05,0,-49.2404,-8.68239,0,-46.9846,-17.101,0,-43.3013,-25,0,-38.3022,-32.1394,0,-32.1394,-38.3022,0,-25,-43.3013,0,-17.101,-46.9846,0,-8.68243,-49.2404,0,-2.32456e-05,-50,0,8.68238,-49.2404,0,17.101,-46.9846,0,25,-43.3013,0,32.1394,-38.3022,0,38.3022,-32.1394,0,43.3013,-25,0,46.9846,-17.101,0,49.2404,-8.68245,0,50,0,0,49.2404,8.68241,100,50,0,100,49.2404,8.68241,0,46.9846,17.101,100,46.9846,17.101,0,43.3013,25,100,43.3013,25,0,38.3022,32.1394,100,38.3022,32.1394,0,32.1394,38.3022,100,32.1394,38.3022,0,25,43.3013,100,25,43.3013,0,17.101,46.9846,100,17.101,46.9846,0,8.68241,49.2404,100,8.68241,49.2404,0,3.7749e-06,50,100,3.7749e-06,50,0,3.7749e-06,50,0,-8.6824,49.2404,100,3.7749e-06,50,100,-8.6824,49.2404,0,-17.101,46.9846,100,-17.101,46.9846,0,-25,43.3013,100,-25,43.3013,0,-32.1394,38.3022,100,-32.1394,38.3022,0,-38.3022,32.1394,100,-38.3022,32.1394,0,-43.3013,25,100,-43.3013,25,0,-46.9846,17.101,100,-46.9846,17.101,0,-49.2404,8.68243,100,-49.2404,8.68243,0,-50,1.94707e-05,100,-50,1.94707e-05,0,-49.2404,-8.68239,100,-49.2404,-8.68239,0,-46.9846,-17.101,100,-46.9846,-17.101,0,-43.3013,-25,100,-43.3013,-25,0,-38.3022,-32.1394,100,-38.3022,-32.1394,0,-32.1394,-38.3022,100,-32.1394,-38.3022,0,-25,-43.3013,100,-25,-43.3013,0,-17.101,-46.9846,100,-17.101,-46.9846,0,-8.68243,-49.2404,100,-8.68243,-49.2404,0,-2.32456e-05,-50,100,-2.32456e-05,-50,0,8.68238,-49.2404,100,8.68238,-49.2404,0,17.101,-46.9846,100,17.101,-46.9846,0,25,-43.3013,100,25,-43.3013,0,32.1394,-38.3022,100,32.1394,-38.3022,0,38.3022,-32.1394,100,38.3022,-32.1394,0,43.3013,-25,100,43.3013,-25,0,46.9846,-17.101,100,46.9846,-17.101,0,49.2404,-8.68245,100,49.2404,-8.68245,0,0,0,100,50,0,100,49.2404,8.68241,100,46.9846,17.101,100,43.3013,25,100,38.3022,32.1394,100,32.1394,38.3022,100,25,43.3013,100,17.101,46.9846,100,8.68241,49.2404,100,3.7749e-06,50,100,3.7749e-06,50,100,-8.6824,49.2404,100,-17.101,46.9846,100,-25,43.3013,100,-32.1394,38.3022,100,-38.3022,32.1394,100,-43.3013,25,100,-46.9846,17.101,100,-49.2404,8.68243,100,-50,1.94707e-05,100,-49.2404,-8.68239,100,-46.9846,-17.101,100,-43.3013,-25,100,-38.3022,-32.1394,100,-32.1394,-38.3022,100,-25,-43.3013,100,-17.101,-46.9846,100,-8.68243,-49.2404,100,-2.32456e-05,-50,100,8.68238,-49.2404,100,17.101,-46.9846,100,25,-43.3013,100,32.1394,-38.3022,100,38.3022,-32.1394,100,43.3013,-25,100,46.9846,-17.101,100,49.2404,-8.68245,100]},"normal":{"type":"float32","components":3,"data":[0,0,-1,0,0,-1,0,0,-1,0,0,-1,0,0,-1,0,0,-1,0,0,-1,0,0,-1,0,0,-1,0,0,-1,0,0,-1,0,0,-1,0,0,-1,0,0,-1,0,0,-1,0,0,-1,0,0,-1,0,0,-1,0,0,-1,0,0,-1,0,0,-1,0,0,-1,0,0,-1,0,0,-1,0,0,-1,0,0,-1,0,0,-1,0,0,-1,0,0,-1,0,0,-1,0,0,-1,0,0,-1,0,0,-1,0,0,-1,0,0,-1,0,0,-1,0,0,-1,0,0,-1,1,-2.5711e-07,0,0.984808,0.173648,0,1,-2.38512e-07,0,0.984808,0.173648,0,0.939693,0.34202,0,0.939693,0.34202,0,0.866025,0.5,0,0.866025,0.5,0,0.766044,0.642788,0,0.766044,0.642788,0,0.642788,0.766044,0,0.642788,0.766044,0,0.5,0.866025,0,0.5,0.866025,0,0.34202,0.939693,0,0.34202,0.939693,0,0.173648,0.984808,0,0.173648,0.984808,0,2.14259e-07,1,0,2.23781e-07,1,0,2.23781e-07,1,0,-0.173648,0.984808,0,2.14259e-07,1,0,-0.173648,0.984808,0,-0.34202,0.939693,0,-0.34202,0.939693,0,-0.5,0.866025,0,-0.5,0.866026,0,-0.642788,0.766044,0,-0.642788,0.766044,0,-0.766044,0.642788,0,-0.766044,0.642788,0,-0.866025,0.5,0,-0.866025,0.5,0,-0.939693,0.34202,0,-0.939692,0.34202,0,-0.984808,0.173648,0,-0.984808,0.173648,0,-1,4.33279e-07,0,-1,4.42801e-07,0,-0.984808,-0.173648,0,-0.984808,-0.173648,0,-0.939693,-0.34202,0,-0.939693,-0.34202,0,-0.866026,-0.499999,0,-0.866026,-0.499999,0,-0.766045,-0.642787,0,-0.766045,-0.642787,0,-0.642788,-0.766044,0,-0.642788,-0.766044,0,-0.5,-0.866025,0,-0.5,-0.866025,0,-0.34202,-0.939693,0,-0.34202,-0.939692,0,-0.173648,-0.984808,0,-0.173649,-0.984808,0,-4.33279e-07,-1,0,-4.42801e-07,-1,0,0.173648,-0.984808,0,0.173648,-0.984808,0,0.34202,-0.939693,0,0.34202,-0.939693,0,0.499999,-0.866026,0,0.499999,-0.866026,0,0.642787,-0.766045,0,0.642787,-0.766045,0,0.766044,-0.642788,0,0.766044,-0.642788,0,0.866025,-0.500001,0,0.866025,-0.500001,0,0.939692,-0.342021,0,0.939692,-0.342021,0,0.984808,-0.173649,0,0.984808,-0.173649,0,0,0,1,0,0,1,0,0,1,0,0,1,0,0,1,0,0,1,0,0,1,0,0,1,0,0,1,0,0,1,0,0,1,0,0,1,0,0,1,0,0,1,0,0,1,0,0,1,0,0,1,0,0,1,0,0,1,0,0,1,0,0,1,0,0,1,0,0,1,0,0,1,0,0,1,0,0,1,0,0,1,0,0,1,0,0,1,0,0,1,0,0,1,0,0,1,0,0,1,0,0,1,0,0,1,0,0,1,0,0,1,0,0,1]},"texCoord0":{"type":"float32","components":2,"data":[0.5,0,0.777778,0,0.75,0,0.805556,0,0.833333,0,0.861111,0,0.888889,0,0.916667,0,0.944444,0,0.972222,0,1,0,0.0277778,0,-5.96046e-08,0,0.0555555,0,0.0833333,0,0.111111,0,0.138889,0,0.166667,0,0.194444,0,0.222222,0,0.25,0,0.277778,0,0.305555,0,0.333333,0,0.361111,0,0.388889,0,0.416667,0,0.444444,0,0.472222,0,0.5,0,0.527778,0,0.555555,0,0.583333,0,0.611111,0,0.638889,0,0.666667,0,0.694444,0,0.722222,0,0.75,0,0.777778,1,0.75,1,0.777778,0,0.805556,1,0.805556,0,0.833333,1,0.833333,0,0.861111,1,0.861111,0,0.888889,1,0.888889,0,0.916667,1,0.916667,0,0.944444,1,0.944444,0,0.972222,1,0.972222,0,1,1,1,0,-5.96046e-08,0,0.0277778,1,-5.96046e-08,1,0.0277778,0,0.0555555,1,0.0555555,0,0.0833333,1,0.0833333,0,0.111111,1,0.111111,0,0.138889,1,0.138889,0,0.166667,1,0.166667,0,0.194444,1,0.194444,0,0.222222,1,0.222222,0,0.25,1,0.25,0,0.277778,1,0.277778,0,0.305555,1,0.305555,0,0.333333,1,0.333333,0,0.361111,1,0.361111,0,0.388889,1,0.388889,0,0.416667,1,0.416667,0,0.444444,1,0.444444,0,0.472222,1,0.472222,0,0.5,1,0.5,0,0.527778,1,0.527778,0,0.555555,1,0.555555,0,0.583333,1,0.583333,0,0.611111,1,0.611111,0,0.638889,1,0.638889,0,0.666667,1,0.666667,0,0.694444,1,0.694444,0,0.722222,1,0.722222,0,0.5,1,0.75,1,0.777778,1,0.805556,1,0.833333,1,0.861111,1,0.888889,1,0.916667,1,0.944444,1,0.972222,1,1,1,-5.96046e-08,1,0.0277778,1,0.0555555,1,0.0833333,1,0.111111,1,0.138889,1,0.166667,1,0.194444,1,0.222222,1,0.25,1,0.277778,1,0.305555,1,0.333333,1,0.361111,1,0.388889,1,0.416667,1,0.444444,1,0.472222,1,0.5,1,0.527778,1,0.555555,1,0.583333,1,0.611111,1,0.638889,1,0.666667,1,0.694444,1,0.722222,1]}}],"meshes":[{"aabb":{"min":[-50,-50,0],"max":[50,50,100]},"vertices":0,