{"model":{"version":2,"nodes":[{"name":"RootNode","position":[0,0,0],"rotation":[0,0,0],"scale":[1,1,1]},{"name":"pine_bush_001","position":[0,0,2.95491e-08],"rotation":[-90,-1.00179e-05,-6.1342e-22],"scale":[0.01,0.01,0.01]}],"parents":[-1,0],"skins":[],"vertices":[{"position":{"type":"float32","components":3,"data":[-93.6601,-12.9471,129.748,-15.0483,8.73962,187.295,-73.6698,73.1396,71.1467,39.7975,-97.1448,84.6792,71.9658,-25.1598,-35.4548,105.768,-16.726,99.2058,-14.1504,116.426,56.8822,75.4177,82.7296,81.6132,40.6367,42.2863,-35.5236,3.68408,77.2394,147.822,51.4663,-7.48938,183.992,75.4177,82.7296,81.6132,-13.6011,-84.7421,6.56793,20.912,-69.2129,-35.4359,39.7975,-97.1448,84.6792,-73.6698,73.1396,71.1467,-48.9543,66.3853,-35.2926,-86.9223,15.8805,24.1991,13.2422,-68.368,154.809,-15.0483,8.73962,187.295,-45.3577,-85.4773,78.4031,13.2422,-68.368,154.809,105.768,-16.726,99.2058,51.4663,-7.48938,183.992,71.9658,-25.1598,-35.4548,103.087,39.3599,14.9943,105.768,-16.726,99.2058,105.768,-16.726,99.2058,75.4177,82.7296,81.6132,51.4663,-7.48938,183.992,-93.6601,-12.9471,129.748,-73.6698,73.1396,71.1467,-86.9223,15.8805,24.1991,39.7975,-97.1448,84.6792,-45.3577,-85.4773,78.4031,-13.6011,-84.7421,6.56793,-15.0483,8.73962,187.295,3.68408,77.2394,147.822,-73.6698,73.1396,71.1467,-48.9543,66.3853,-35.2926,-73.6698,73.1396,71.1467,-14.1504,116.426,56.8822,71.9658,-25.1598,-35.4548,40.6367,42.2863,-35.5236,103.087,39.3599,14.9943,71.9658,-25.1598,-35.4548,39.7975,-97.1448,84.6792,20.912,-69.2129,-35.4359,51.4663,-7.48938,183.992,-15.0483,8.73962,187.295,13.2422,-68.368,154.809,3.68408,77.2394,147.822,-15.0483,8.73962,187.295,51.4663,-7.48938,183.992,75.4177,82.7296,81.6132,105.768,-16.726,99.2058,103.087,39.3599,14.9943,40.6367,42.2863,-35.5236,75.4177,82.7296,81.6132,103.087,39.3599,14.9943,-73.6698,73.1396,71.1467,3.68408,77.2394,147.822,-14.1504,116.426,56.8822,75.4177,82.7296,81.6132,-14.1504,116.426,56.8822,3.68408,77.2394,147.822,-14.1504,116.426,56.8822,40.6367,42.2863,-35.5236,-48.9543,66.3853,-35.2926,-45.3577,-85.4773,78.4031,-66.9982,-26.7494,-35.3612,-13.6011,-84.7421,6.56793,-66.9982,-26.7494,-35.3612,20.912,-69.2129,-35.4359,-13.6011,-84.7421,6.56793,13.2422,-68.368,154.809,39.7975,-97.1448,84.6792,105.768,-16.726,99.2058,-45.3577,-85.4773,78.4031,39.7975,-97.1448,84.6792,13.2422,-68.368,154.809,-15.0483,8.73962,187.295,-93.6601,-12.9471,129.748,-45.3577,-85.4773,78.4031,-86.9223,15.8805,24.1991,-45.3577,-85.4773,78.4031,-93.6601,-12.9471,129.748,-86.9223,15.8805,24.1991,-48.9543,66.3853,-35.2926,-66.9982,-26.7494,-35.3612,-66.9982,-26.7494,-35.3612,-45.3577,-85.4773,78.4031,-86.9223,15.8805,24.1991]},"normal":{"type":"float32","components":3,"data":[-0.588162,0.54397,0.598466,-0.588162,0.54397,0.598466,-0.588162,0.54397,0.598466,0.777272,-0.609274,-0.15695,0.777272,-0.609274,-0.15695,0.777272,-0.609274,-0.15695,0.417781,0.813349,-0.404872,0.417781,0.813349,-0.404872,0.417781,0.813349,-0.404872,0.534127,0.568376,0.625825,0.534127,0.568376,0.625825,0.534127,0.568376,0.625825,0.134558,-0.960278,-0.244461,0.134558,-0.960277,-0.244461,0.134558,-0.960277,-0.244461,-0.888813,0.395509,-0.231483,-0.888813,0.395509,-0.231483,-0.888813,0.395509,-0.231483,-0.637643,-0.485813,0.597827,-0.637643,-0.485813,0.597827,-0.637643,-0.485813,0.597827,0.628404,-0.619854,0.469989,0.628404,-0.619854,0.469989,0.628404,-0.619854,0.469989,0.934787,-0.281192,-0.217036,0.934787,-0.281192,-0.217036,0.934787,-0.281192,-0.217036,0.810192,0.332617,0.482653,0.810192,0.332617,0.482653,0.810192,0.332617,0.482653,-0.974157,0.225872,-0.00049635,-0.974157,0.225872,-0.00049635,-0.974157,0.225872,-0.00049635,-0.130525,-0.989122,-0.0678245,-0.130525,-0.989122,-0.0678245,-0.130525,-0.989122,-0.0678245,-0.618045,0.512517,0.596109,-0.618045,0.512517,0.596109,-0.618046,0.512517,0.596109,-0.606826,0.77182,-0.189884,-0.606826,0.77182,-0.189884,-0.606826,0.77182,-0.189884,0.611168,0.283138,-0.739126,0.611168,0.283138,-0.739126,0.611168,0.283138,-0.739126,0.629238,-0.729347,-0.268538,0.629238,-0.729347,-0.268538,0.629238,-0.729347,-0.268538,-0.0532957,-0.404242,0.913098,-0.0532957,-0.404242,0.913098,-0.0532957,-0.404242,0.913098,0.155822,0.460846,0.873694,0.155822,0.460846,0.873694,0.155822,0.460846,0.873694,0.931277,0.316199,0.180945,0.931277,0.316199,0.180945,0.931277,0.316199,0.180945,0.361793,0.84283,-0.398426,0.361793,0.84283,-0.398426,0.361793,0.84283,-0.398426,-0.463234,0.77726,0.425772,-0.463234,0.77726,0.425772,-0.463234,0.77726,0.425772,0.246571,0.906651,0.342326,0.246571,0.906651,0.342326,0.246571,0.906651,0.342326,0.219301,0.820339,-0.528158,0.219301,0.820339,-0.528158,0.219301,0.820339,-0.528158,-0.601009,-0.751035,-0.273377,-0.601009,-0.751035,-0.273377,-0.601009,-0.751035,-0.273377,-0.35829,-0.740751,-0.568257,-0.35829,-0.740751,-0.568257,-0.35829,-0.740751,-0.568257,0.630168,-0.604889,0.486824,0.630168,-0.604889,0.486824,0.630168,-0.604889,0.486824,-0.15186,-0.933283,0.325455,-0.15186,-0.933283,0.325455,-0.15186,-0.933283,0.325455,-0.303951,-0.676957,0.67033,-0.303951,-0.676957,0.67033,-0.303951,-0.676957,0.67033,-0.872704,-0.453977,-0.1797,-0.872704,-0.453977,-0.1797,-0.872704,-0.453977,-0.1797,-0.890231,0.172784,-0.421468,-0.890231,0.172784,-0.421468,-0.890231,0.172784,-0.421468,-0.919678,-0.391726,-0.027275,-0.919678,-0.391726,-0.027275,-0.919678,-0.391726,-0.027275]},"texCoord0":{"type":"float32","components":2,"data":[0.491988,0.489191,0.368162,0.242508,0.593913,0.258591,0.195493,0.42385,0.252541,0.232657,0.205424,0.161867,0.552799,0.0766916,0.339873,0.0246725,0.367314,0.156853,0.442873,0.16477,0.387126,0.2948,0.339873,0.0246725,0.368825,0.347629,0.365606,0.234464,0.195493,0.42385,0.593913,0.258591,0.463756,0.239789,0.502804,0.328094,0.30457,0.355956,0.368162,0.242508,0.393045,0.493894,0.30457,0.355956,0.205424,0.161867,0.387126,0.2948,0.252541,0.232657,0.295403,0.107627,0.205424,0.161867,0.205424,0.161867,0.339873,0.0246725,0.387126,0.2948,0.491988,0.489191,0.593913,0.258591,0.502804,0.328094,0.195493,0.42385,0.393045,0.493894,0.368825,0.347629,0.368162,0.242508,0.442873,0.16477,0.593913,0.258591,0.463756,0.239789,0.593913,0.258591,0.552799,0.0766916,0.252541,0.232657,0.367314,0.156853,0.295403,0.107627,0.252541,0.232657,0.195493,0.42385,0.365606,0.234464,0.387126,0.2948,0.368162,0.242508,0.30457,0.355956,0.442873,0.16477,0.368162,0.242508,0.387126,0.2948,0.339873,0.0246725,0.205424,0.161867,0.295403,0.107627,0.367314,0.156853,0.339873,0.0246725,0.295403,0.107627,0.593913,0.258591,0.442873,0.16477,0.552799,0.0766916,0.339873,0.0246725,0.552799,0.0766916,0.442873,0.16477,0.552799,0.0766916,0.367314,0.156853,0.463756,0.239789,0.393045,0.493894,0.450054,0.391537,0.368825,0.347629,0.450054,0.391537,0.365606,0.234464,0.368825,0.347629,0.30457,0.355956,0.195493,0.42385,0.205424,0.161867,0.393045,0.493894,0.195493,0.42385,0.30457,0.355956,0.368162,0.242508,0.491988,0.489191,0.393045,0.493894,0.502804,0.328094,0.393045,0.493894,0.491988,0.489191,0.502804,0.328094,0.463756,0.239789,0.450054,0.391537,0.450054,0.391537,0.393045,0.493894,0.502804,0.328094]}}],"meshes":[{"aabb":{"min":[-93.6601,-97.1448,-35.5236],"max":[105.768,116.426,187.295]},"vertices":0,"indices":[0,1,2,3,4,5,6,7,8,9,10,11,12,13,14,15,16,17,18,19,20,21,22,23,24,25,26,27,28,29,30,31,32,33,34,35,36,37,38,39,40,41,42,43,44,45,46,47,48,49,50,51,52,53,54,55,56,57,58,59,60,61,62,63,64,65,66,67,68,69,70,71,72,73,74,75,76,77,78,79,80,81,82,83,84,85,86,87,88,89,90,91,92],"type":"triangles","base":0,"count":93}],"meshInstances":[{"node":1,"mesh":0}]}}