{"model":{"version":2,"nodes":[{"name":"RootNode","position":[0,0,0],"rotation":[0,0,0],"scale":[1,1,1]},{"name":"star","position":[0,0,0],"rotation":[2.50448e-06,1.08414e-15,-18],"scale":[0.01,0.01,0.01]}],"parents":[-1,0],"skins":[],"vertices":[{"position":{"type":"float32","components":3,"data":[-26.0848,18.9517,-1.9128e-06,-60.5898,-2.64846e-06,-3.2972e-06,-3.5022e-07,1.44164e-06,23.8552,-26.0848,-18.9517,-9.26187e-07,-18.7233,-57.6243,4.81056e-07,-3.5022e-07,1.44164e-06,23.8552,9.96352,-30.6645,1.34039e-06,49.0182,-35.6138,3.59451e-06,-3.5022e-07,1.44164e-06,23.8552,32.2426,-1.43051e-06,1.75459e-06,49.0182,35.6138,1.74048e-06,-3.5022e-07,1.44164e-06,23.8552,9.96352,30.6646,-2.55992e-07,-18.7233,57.6243,-2.51884e-06,-3.5022e-07,1.44164e-06,23.8552,-18.7233,57.6243,-2.51884e-06,-26.0848,18.9517,-1.9128e-06,-3.5022e-07,1.44164e-06,23.8552,49.0182,-35.6138,3.59451e-06,32.2426,-1.43051e-06,1.75459e-06,-3.5022e-07,1.44164e-06,23.8552,-60.5898,-2.64846e-06,-3.2972e-06,-26.0848,-18.9517,-9.26187e-07,-3.5022e-07,1.44164e-06,23.8552,-18.7233,-57.6243,4.81056e-07,9.96352,-30.6645,1.34039e-06,-3.5022e-07,1.44164e-06,23.8552,49.0182,35.6138,1.74048e-06,9.96352,30.6646,-2.55992e-07,-3.5022e-07,1.44164e-06,23.8552,9.96352,30.6646,-2.55992e-07,49.0182,35.6138,1.74048e-06,1.47593e-06,-5.04951e-08,-23.8552,32.2426,-1.43051e-06,1.75459e-06,49.0182,-35.6138,3.59451e-06,1.47593e-06,-5.04951e-08,-23.8552,9.96352,-30.6645,1.34039e-06,-18.7233,-57.6243,4.81056e-07,1.47593e-06,-5.04951e-08,-23.8552,-26.0848,-18.9517,-9.26187e-07,-60.5898,-2.64846e-06,-3.2972e-06,1.47593e-06,-5.04951e-08,-23.8552,-26.0848,18.9517,-1.9128e-06,-18.7233,57.6243,-2.51884e-06,1.47593e-06,-5.04951e-08,-23.8552,-18.7233,57.6243,-2.51884e-06,9.96352,30.6646,-2.55992e-07,1.47593e-06,-5.04951e-08,-23.8552,-18.7233,-57.6243,4.81056e-07,-26.0848,-18.9517,-9.26187e-07,1.47593e-06,-5.04951e-08,-23.8552,49.0182,35.6138,1.74048e-06,32.2426,-1.43051e-06,1.75459e-06,1.47593e-06,-5.04951e-08,-23.8552,49.0182,-35.6138,3.59451e-06,9.96352,-30.6645,1.34039e-06,1.47593e-06,-5.04951e-08,-23.8552,-60.5898,-2.64846e-06,-3.2972e-06,-26.0848,18.9517,-1.9128e-06,1.47593e-06,-5.04951e-08,-23.8552]},"normal":{"type":"float32","components":3,"data":[-0.244146,0.444511,0.86186,-0.244146,0.444511,0.86186,-0.244146,0.444511,0.86186,-0.4982,-0.0948352,0.86186,-0.4982,-0.0948352,0.86186,-0.4982,-0.0948352,0.86186,-0.0637589,-0.503122,0.86186,-0.0637589,-0.503122,0.86186,-0.0637589,-0.503122,0.86186,0.458795,-0.216111,0.86186,0.458795,-0.216111,0.86186,0.458795,-0.216111,0.86186,0.34731,0.369558,0.86186,0.347309,0.369558,0.86186,0.347309,0.369558,0.86186,-0.4982,0.0948351,0.86186,-0.4982,0.0948351,0.86186,-0.4982,0.0948351,0.86186,0.458795,0.216111,0.86186,0.458795,0.216111,0.86186,0.458795,0.216111,0.86186,-0.244146,-0.444511,0.86186,-0.244146,-0.444511,0.86186,-0.244146,-0.444511,0.86186,0.34731,-0.369558,0.86186,0.34731,-0.369558,0.86186,0.34731,-0.369558,0.86186,-0.0637588,0.503122,0.86186,-0.0637588,0.503122,0.86186,-0.0637588,0.503122,0.86186,-0.0637587,0.503122,-0.86186,-0.0637587,0.503122,-0.86186,-0.0637587,0.503122,-0.86186,0.458795,0.216111,-0.86186,0.458795,0.216111,-0.86186,0.458795,0.216111,-0.86186,0.34731,-0.369558,-0.86186,0.34731,-0.369558,-0.86186,0.34731,-0.369558,-0.86186,-0.244146,-0.444511,-0.86186,-0.244146,-0.444511,-0.86186,-0.244146,-0.444511,-0.86186,-0.4982,0.0948351,-0.86186,-0.4982,0.0948351,-0.86186,-0.4982,0.0948351,-0.86186,0.34731,0.369558,-0.86186,0.34731,0.369558,-0.86186,0.34731,0.369558,-0.86186,-0.4982,-0.0948353,-0.86186,-0.4982,-0.0948353,-0.86186,-0.4982,-0.0948353,-0.86186,0.458795,-0.216111,-0.86186,0.458795,-0.216111,-0.86186,0.458795,-0.216111,-0.86186,-0.0637588,-0.503122,-0.86186,-0.0637588,-0.503122,-0.86186,-0.0637588,-0.503122,-0.86186,-0.244146,0.444511,-0.86186,-0.244146,0.444511,-0.86186,-0.244146,0.444511,-0.86186]}}],"meshes":[{"aabb":{"min":[-60.5898,-57.6243,-23.8552],"max":[49.0182,57.6243,23.8552]},"vertices":0,"indices":[0,1,2,3,4,5,6,7,8,9,10,11,12,13,14,15,16,17,18,19,20,21,22,23,24,25,26,27,28,29,30,31,32,33,34,35,36,37,38,39,40,41,42,43,44,45,46,47,48,49,50,51,52,53,54,55,56,57,58,59],"type":"triangles","base":0,"count":60}],"meshInstances":[{"node":1,"mesh":0}]}}