{"model":{"version":2,"nodes":[{"name":"RootNode","position":[0,0,0],"rotation":[0,0,0],"scale":[1,1,1]},{"name":"fir_bush","position":[0,0,0],"rotation":[-90,2.00358e-05,1.22684e-21],"scale":[0.01,0.01,0.01]}],"parents":[-1,0],"skins":[],"vertices":[{"position":{"type":"float32","components":3,"data":[-33.4014,12.7242,71.3786,-78.8372,43.743,34.2508,-54.7283,-42.5415,30.199,38.0362,8.05117,67.1228,78.767,27.7719,36.7894,17.4111,49.6813,14.6952,6.36994,-11.6619,134.66,16.0105,-25.8255,61.4754,44.9457,-24.9189,16.5134,20.5089,-16.6033,21.0118,34.3783,10.0437,29.7008,80.127,30.1772,6.23377,-9.98326,-17.5205,149.561,-39.7208,-13.945,69.8997,-7.77213,-45.4729,78.4195,-31.9101,13.3255,25.8695,-22.9375,-24.0064,28.5525,-48.1688,-46.0407,3.66344,-6.0242,53.137,30.9647,-78.8372,43.743,34.2508,-33.4014,12.7242,71.3786,10.6757,46.5057,-7.02544,80.127,30.1772,6.23377,34.3783,10.0437,29.7008,-68.2529,37.5231,-2.3422,-8.87669,55.1052,5.79217,-5.38389,21.1803,29.5035,-48.1688,-46.0407,3.66344,-68.2529,37.5231,-2.3422,-31.9101,13.3255,25.8695,-13.1471,-78.153,14.0602,-48.1688,-46.0407,3.66344,-22.9375,-24.0064,28.5525,27.4292,-53.3985,0.666344,-13.1471,-78.153,14.0602,-7.29168,-38.3525,33.1972,80.127,30.1772,6.23377,49.0817,-29.4696,-13.2157,20.5089,-16.6033,21.0118,44.9457,-24.9189,16.5134,78.767,27.7719,36.7894,38.0362,8.05117,67.1228,-7.77213,-45.4729,78.4195,-12.0423,-89.341,46.3553,34.9964,-57.4446,30.9348,-54.7283,-42.5415,30.199,-12.0423,-89.341,46.3553,-7.77213,-45.4729,78.4195,-39.7208,-13.945,69.8997,-16.3675,-7.61015,142.194,-0.170389,4.44051,128.984,9.66252,11.6417,110.376,38.0362,8.05117,67.1228,-7.03193,31.2865,54.342,-7.77213,-45.4729,78.4195,0.818061,-28.8164,120.714,-9.98326,-17.5205,149.561,-9.98326,-17.5205,149.561,6.36994,-11.6619,134.66,-0.170389,4.44051,128.984,-48.1688,-46.0407,3.66344,-54.7283,-42.5415,30.199,-78.8372,43.743,34.2508,-54.7283,-42.5415,30.199,-48.1688,-46.0407,3.66344,-13.1471,-78.153,14.0602,27.4292,-53.3985,0.666344,34.9964,-57.4446,30.9348,-12.0423,-89.341,46.3553,44.9457,-24.9189,16.5134,49.0817,-29.4696,-13.2157,80.127,30.1772,6.23377,17.4111,49.6813,14.6952,-7.03193,31.2865,54.342,38.0362,8.05117,67.1228,-6.0242,53.137,30.9647,-8.87669,55.1052,5.79217,-68.2529,37.5231,-2.3422,34.3783,10.0437,29.7008,-5.38389,21.1803,29.5035,10.6757,46.5057,-7.02544,-0.170389,4.44051,128.984,-33.4014,12.7242,71.3786,-39.7208,-13.945,69.8997,-0.170389,4.44051,128.984,-7.03193,31.2865,54.342,-33.4014,12.7242,71.3786,13.8501,-2.09581,141.678,44.9457,-24.9189,16.5134,38.0362,8.05117,67.1228,38.0362,8.05117,67.1228,9.66252,11.6417,110.376,13.8501,-2.09581,141.678,-78.8372,43.743,34.2508,-68.2529,37.5231,-2.3422,-48.1688,-46.0407,3.66344,-68.2529,37.5231,-2.3422,-78.8372,43.743,34.2508,-6.0242,53.137,30.9647,-12.0423,-89.341,46.3553,-13.1471,-78.153,14.0602,27.4292,-53.3985,0.666344,-13.1471,-78.153,14.0602,-12.0423,-89.341,46.3553,-54.7283,-42.5415,30.199,-7.29168,-38.3525,33.1972,20.5089,-16.6033,21.0118,27.4292,-53.3985,0.666344,16.0105,-25.8255,61.4754,34.9964,-57.4446,30.9348,44.9457,-24.9189,16.5134,49.0817,-29.4696,-13.2157,44.9457,-24.9189,16.5134,34.9964,-57.4446,30.9348,-5.38389,21.1803,29.5035,-31.9101,13.3255,25.8695,-68.2529,37.5231,-2.3422,-7.03193,31.2865,54.342,17.4111,49.6813,14.6952,-6.0242,53.137,30.9647,-33.4014,12.7242,71.3786,-7.03193,31.2865,54.342,-6.0242,53.137,30.9647,-54.7283,-42.5415,30.199,-39.7208,-13.945,69.8997,-33.4014,12.7242,71.3786,-7.77213,-45.4729,78.4195,-39.7208,-13.945,69.8997,-54.7283,-42.5415,30.199,10.6757,46.5057,-7.02544,17.4111,49.6813,14.6952,78.767,27.7719,36.7894,-8.87669,55.1052,5.79217,10.6757,46.5057,-7.02544,-5.38389,21.1803,29.5035,78.767,27.7719,36.7894,80.127,30.1772,6.23377,10.6757,46.5057,-7.02544,80.127,30.1772,6.23377,78.767,27.7719,36.7894,44.9457,-24.9189,16.5134,34.9964,-57.4446,30.9348,16.0105,-25.8255,61.4754,-7.77213,-45.4729,78.4195,0.818061,-28.8164,120.714,-7.77213,-45.4729,78.4195,16.0105,-25.8255,61.4754,-22.9375,-24.0064,28.5525,-7.29168,-38.3525,33.1972,-13.1471,-78.153,14.0602,44.9457,-24.9189,16.5134,13.8501,-2.09581,141.678,6.36994,-11.6619,134.66,13.8501,-2.09581,141.678,-0.170389,4.44051,128.984,6.36994,-11.6619,134.66,-7.03193,31.2865,54.342,-0.170389,4.44051,128.984,9.66252,11.6417,110.376,-0.170389,4.44051,128.984,13.8501,-2.09581,141.678,9.66252,11.6417,110.376,49.0817,-29.4696,-13.2157,27.4292,-53.3985,0.666344,20.5089,-16.6033,21.0118,34.9964,-57.4446,30.9348,27.4292,-53.3985,0.666344,49.0817,-29.4696,-13.2157,17.4111,49.6813,14.6952,10.6757,46.5057,-7.02544,-8.87669,55.1052,5.79217,-8.87669,55.1052,5.79217,-6.0242,53.137,30.9647,17.4111,49.6813,14.6952,0.818061,-28.8164,120.714,6.36994,-11.6619,134.66,-9.98326,-17.5205,149.561,16.0105,-25.8255,61.4754,6.36994,-11.6619,134.66,0.818061,-28.8164,120.714,-0.170389,4.44051,128.984,-16.3675,-7.61015,142.194,-9.98326,-17.5205,149.561,-39.7208,-13.945,69.8997,-9.98326,-17.5205,149.561,-16.3675,-7.61015,142.194]},"normal":{"type":"float32","components":3,