{"model":{"version":2,"nodes":[{"name":"RootNode","position":[0,0,0],"rotation":[0,0,0],"scale":[1,1,1]},{"name":"Object002","position":[0,0,0],"rotation":[-90,1.00179e-05,6.1342e-22],"scale":[0.01,0.01,0.01]}],"parents":[-1,0],"skins":[],"vertices":[{"position":{"type":"float32","components":3,"data":[72.6406,47.251,171.84,65.7322,13.0919,378.355,90.4923,-28.8444,224.744,-61.9676,-52.1242,291.143,22.8242,-82.9911,288.313,-23.3274,-75.5423,324.573,7.36438,57.5589,456.772,-80.894,2.61118,284.243,-58.0091,-7.98712,407.674,65.7322,13.0919,378.355,48.6337,-42.4008,527.371,90.4923,-28.8444,224.744,7.36438,57.5589,456.772,-16.2434,82.9911,240.335,-80.894,2.61118,284.243,-11.595,-22.6002,46.1169,56.2186,-75.5983,138.002,-28.3795,-72.7762,139.332,-2.67065,-52.0037,480.261,-24.2654,-48.0938,402.248,22.8242,-82.9911,288.313,-30.9998,-27.0679,597.915,-9.93039,29.534,599.145,-55.7958,20.5187,533.504,56.2186,-75.5983,138.002,-11.595,-22.6002,46.1169,76.2305,-10.0564,92.8761,45.4363,67.8203,378.126,45.0757,58.8902,178.877,-16.2434,82.9911,240.335,46.1644,45.2041,478.565,7.36438,57.5589,456.772,-9.93039,29.534,599.145,-16.2434,82.9911,240.335,7.36438,57.5589,456.772,45.4363,67.8203,378.126,-46.6407,59.8541,180.811,45.0757,58.8902,178.877,-13.7969,57.8329,94.7973,-45.4093,21.0269,72.3519,-85.0826,5.55811,138.698,-58.5533,28.1276,215.113,34.1977,-1.93127,656.095,-30.9998,-27.0679,597.915,48.6337,-42.4008,527.371,46.1644,45.2041,478.565,34.1977,-1.93127,656.095,48.6337,-42.4008,527.371,-70.6879,-25.549,120.292,-61.9676,-52.1242,291.143,-58.5533,28.1276,215.113,22.8242,-82.9911,288.313,-61.9676,-52.1242,291.143,-28.3795,-72.7762,139.332,-30.9998,-27.0679,597.915,-43.8117,-31.1482,477.376,-2.67065,-52.0037,480.261,-43.8117,-31.1482,477.376,-30.9998,-27.0679,597.915,-55.7958,20.5187,533.504,-0.630615,30.1262,49.2716,72.6406,47.251,171.84,50.5648,33.7594,98.7233,72.6406,47.251,171.84,90.4923,-28.8444,224.744,76.2305,-10.0564,92.8761,-70.6879,-25.549,120.292,-45.4093,21.0269,72.3519,-11.595,-22.6002,46.1169,-0.630615,30.1262,49.2716,76.2305,-10.0564,92.8761,-11.595,-22.6002,46.1169,56.2186,-75.5983,138.002,22.8242,-82.9911,288.313,-28.3795,-72.7762,139.332,90.4923,-28.8444,224.744,48.6337,-42.4008,527.371,22.8242,-82.9911,288.313,7.36438,57.5589,456.772,-34.9385,42.978,480.069,-9.93039,29.534,599.145,7.36438,57.5589,456.772,-58.0091,-7.98712,407.674,-34.9385,42.978,480.069,-16.2434,82.9911,240.335,-58.5533,28.1276,215.113,-80.894,2.61118,284.243,-58.5533,28.1276,215.113,-46.6407,59.8541,180.811,-45.4093,21.0269,72.3519,46.1644,45.2041,478.565,48.6337,-42.4008,527.371,65.7322,13.0919,378.355,45.0757,58.8902,178.877,45.4363,67.8203,378.126,65.7322,13.0919,378.355,-61.9676,-52.1242,291.143,-70.6879,-25.549,120.292,-28.3795,-72.7762,139.332,-28.3795,-72.7762,139.332,-70.6879,-25.549,120.292,-11.595,-22.6002,46.1169,22.8242,-82.9911,288.313,48.6337,-42.4008,527.371,-2.67065,-52.0037,480.261,-30.9998,-27.0679,597.915,-2.67065,-52.0037,480.261,48.6337,-42.4008,527.371,56.2186,-75.5983,138.002,76.2305,-10.0564,92.8761,90.4923,-28.8444,224.744,56.2186,-75.5983,138.002,90.4923,-28.8444,224.744,22.8242,-82.9911,288.313,-2.67065,-52.0037,480.261,-43.8117,-31.1482,477.376,-24.2654,-48.0938,402.248,-58.0091,-7.98712,407.674,-61.9676,-52.1242,291.143,-23.3274,-75.5423,324.573,-61.9676,-52.1242,291.143,-80.894,2.61118,284.243,-58.5533,28.1276,215.113,-58.0091,-7.98712,407.674,-80.894,2.61118,284.243,-61.9676,-52.1242,291.143,-0.630615,30.1262,49.2716,-11.595,-22.6002,46.1169,-45.4093,21.0269,72.3519,-0.630615,30.1262,49.2716,-13.7969,57.8329,94.7973,72.6406,47.251,171.84,-30.9998,-27.0679,597.915,10.3183,3.74942,701.959,-9.93039,29.534,599.145,45.4363,67.8203,378.126,46.1644,45.2041,478.565,65.7322,13.0919,378.355,45.4363,67.8203,378.126,7.36438,57.5589,456.772,46.1644,45.2041,478.565,65.7322,13.0919,378.355,72.6406,47.251,171.84,45.0757,58.8902,178.877,-13.7969,57.8329,94.7973,45.0757,58.8902,178.877,72.6406,47.251,171.84,-45.4093,21.0269,72.3519,-13.7969,57.8329,94.7973,-0.630615,30.1262,49.2716,-13.7969,57.8329,94.7973,-45.4093,21.0269,72.3519,-46.6407,59.8541,180.811,-70.6879,-25.549,120.292,-58.5533,28.1276,215.113,-85.0826,5.55811,138.698,-70.6879,-25.549,120.292,-85.0826,5.55811,138.698,-45.4093,21.0269,72.3519,-16.2434,82.9911,240.335,45.0757,58.8902,178.877,-46.6407,59.8541,180.811,-16.2434,82.9911,240.335,-46.6407,59.8541,180.811,-58.5533,28.1276,215.113,10.3183,3.74942,701.959,34.1977,-1.93127,656.095,-9.93039,29.534,599.145,-30.9998,-27.0679,597.915,34.1977,-1.93127,656.095,10.3183,3.74942,701.959,50.5648,33.7594,98.7233,72.6406,47.251,171.84,76.2305,-10.0564,92.8761,76.2305,-10.0564,92.8761,-0.630615,30.1262,49.2716,50.5648,33.7594,98.7233,-24.2654,-48.0938,402.248,-58.0091,-7.98712,407.674,-23.3274,-75.5423,324.573,22.8242,-82.9911,288.313,-24.2654,-48.0938,402.248,-23.3274,-75.5423,324.573,-55.7958,20.5187,533.504,-34.9385,42.978,480.069,-43.8117,-31.1482,477.376,-9.93039,29.534,599.145,-34.9385,42.978,480.069,-55.7958,20.5187,533.504,-43.8117,-31.1482,477.376,-34.9385,42.978,480.069,-58.0091,-7.98712,407.674,-58.0091,-7.98712,407.674,-24.2654,-48.0938,402.248,-43.8117,-31.1482,477.376,3.5658,-9.76303,27.5435,-12.3601,1.56641,33.138,-20.4146,2.43213,-15.6821,-12.3601,1.56641,33.138,3.99084,10.4012,26.9262,7.74893,18.2104,-15.4039,3.99084,10.4012,26.9262,3.5658,-9.76303,27.5435,8.56314,-18.0163,-15.7192,-12.3601,1.56641,33.138,5.41638,-12.0484,66.8349,-14.3823,1.07315,64.332,-12.3601,1.56641,33.138,-14.3823,1.07315,64.332,3.99084,10.4012,26.9262,3.5658,-9.76303,27.5435,3.99084,10.4012,26.9262,5.41638,-12.0484,66.8349,7.74893,18.2104,-15.4039,-20.4146,2.43213,-15.6821,-12.3601,1.56641,33.138,7.74893,18.2104,-15.4039,3.99084,10.4012,26.9262,8.56314,-18.0163,-15.7192,-20.4146,2.43213,-15.6821,8.56314,-18.0163,-15.7192,3.5658,-9.76303,27.5435,-12.3601,1.56641,33.138,3.5658,-9.76303,27.5435,5.41638,-12.0484,66.8349,5.41638,-12.0484,66.8349,3.99084,10.4012,26.9262,5.67264,12.1793,66.8349,3.99084,10.4012,26.9262,-14.3823,1.07315,64.332,5.67264,12.1793,66.8349,-9.93039,29.534,599.145,34.1977,-1.93127,656.095,46.1644,45.2041,478.565]},"normal":{"type":"float32","components":3,