{"model":{"version":2,"nodes":[{"name":"RootNode","position":[0,0,0],"rotation":[0,0,0],"scale":[1,1,1]},{"name":"C","position":[0,0,0],"rotation":[2.50448e-06,-0,0],"scale":[0.01,0.01,0.01]}],"parents":[-1,0],"skins":[],"vertices":[{"position":{"type":"float32","components":3,"data":[8.7558,0.858159,15.6205,9.82909,17.8191,17.0887,-6.02386,18.2691,17.2817,-7.56063,-16.4308,-15.2732,-6.404,0.522912,-17.4929,9.35839,1.25353,-16.9009,-6.404,0.522912,-17.4929,-20.1936,-15.701,-1.51723,-17.9284,17.8977,-2.64124,-7.00659,1.26784,15.0285,-7.00974,-15.5425,16.9187,8.84321,-15.9925,17.4929,20.0522,17.8336,-3.21544,9.35839,1.25353,-16.9009,9.07791,18.0887,-15.1032,-7.0117,28.8966,5.8179,-6.02386,18.2691,17.2817,9.82909,17.8191,17.0887,9.35839,1.25353,-16.9009,20.0522,17.8336,-3.21544,18.4067,-15.978,-3.75964,8.29231,-15.7229,-14.699,-7.1577,-28.8966,-1.76496,-7.56063,-16.4308,-15.2732,-18.2378,-14.7884,6.6014,-7.00974,-15.5425,16.9187,-7.00659,1.26784,15.0285,-7.1577,-28.8966,-1.76496,9.69707,-27.4528,6.44488,-8.72137,-25.4419,6.78308,-6.99675,27.5754,-4.24632,-7.29787,21.6012,-8.81664,-17.9284,17.8977,-2.64124,9.07791,18.0887,-15.1032,9.35839,1.25353,-16.9009,-6.404,0.522912,-17.4929,-8.72137,-25.4419,6.78308,-18.2378,-14.7884,6.6014,-20.1936,-15.701,-1.51723,8.57865,-27.6741,-3.61934,8.29231,-15.7229,-14.699,18.4067,-15.978,-3.75964,9.69707,-27.4528,6.44488,8.84321,-15.9925,17.4929,-7.00974,-15.5425,16.9187,-6.99675,27.5754,-4.24632,8.85619,28.2653,-4.76853,-7.29787,21.6012,-8.81664,9.82909,17.8191,17.0887,8.84125,28.4865,5.29568,-7.0117,28.8966,5.8179,-6.02386,18.2691,17.2817,-7.0117,28.8966,5.8179,-17.7871,19.0232,7.42298,-7.00659,1.26784,15.0285,-17.7871,19.0232,7.42298,-18.2378,-14.7884,6.6014,9.69707,-27.4528,6.44488,19.7428,-15.4767,6.30457,8.84321,-15.9925,17.4929,8.7558,0.858159,15.6205,19.7428,-15.4767,6.30457,20.1936,18.3349,6.84877,20.1936,18.3349,6.84877,9.82909,17.8191,17.0887,8.7558,0.858159,15.6205,9.82909,17.8191,17.0887,20.1936,18.3349,6.84877,8.84125,28.4865,5.29568,8.85619,28.2653,-4.76853,9.07791,18.0887,-15.1032,-6.77504,17.3808,-14.9102,9.07791,18.0887,-15.1032,8.85619,28.2653,-4.76853,20.0522,17.8336,-3.21544,-17.9284,17.8977,-2.64124,-17.7871,19.0232,7.42298,-7.0117,28.8966,5.8179,-17.7871,19.0232,7.42298,-17.9284,17.8977,-2.64124,-20.1936,-15.701,-1.51723,-20.1936,-15.701,-1.51723,-18.2378,-14.7884,6.6014,-17.7871,19.0232,7.42298,18.4067,-15.978,-3.75964,19.7428,-15.4767,6.30457,9.69707,-27.4528,6.44488,9.69707,-27.4528,6.44488,8.57865,-27.6741,-3.61934,18.4067,-15.978,-3.75964,-7.00974,-15.5425,16.9187,-8.72137,-25.4419,6.78308,9.69707,-27.4528,6.44488,-7.00974,-15.5425,16.9187,-18.2378,-14.7884,6.6014,-8.72137,-25.4419,6.78308,20.0522,17.8336,-3.21544,20.1936,18.3349,6.84877,19.7428,-15.4767,6.30457,20.1936,18.3349,6.84877,20.0522,17.8336,-3.21544,8.85619,28.2653,-4.76853,20.1936,18.3349,6.84877,8.85619,28.2653,-4.76853,8.84125,28.4865,5.29568,8.85619,28.2653,-4.76853,-7.0117,28.8966,5.8179,8.84125,28.4865,5.29568,19.7428,-15.4767,6.30457,18.4067,-15.978,-3.75964,20.0522,17.8336,-3.21544,-7.0117,28.8966,5.8179,8.85619,28.2653,-4.76853,-6.99675,27.5754,-4.24632,-7.0117,28.8966,5.8179,-6.99675,27.5754,-4.24632,-17.9284,17.8977,-2.64124,-17.9284,17.8977,-2.64124,-6.77504,17.3808,-14.9102,-6.404,0.522912,-17.4929,-6.404,0.522912,-17.4929,-6.77504,17.3808,-14.9102,9.07791,18.0887,-15.1032,18.4067,-15.978,-3.75964,8.29231,-15.7229,-14.699,9.35839,1.25353,-16.9009,9.35839,1.25353,-16.9009,8.29231,-15.7229,-14.699,-7.56063,-16.4308,-15.2732,-17.7871,19.0232,7.42298,-7.00659,1.26784,15.0285,-6.02386,18.2691,17.2817,8.84321,-15.9925,17.4929,8.7558,0.858159,15.6205,-7.00659,1.26784,15.0285,19.7428,-15.4767,6.30457,8.7558,0.858159,15.6205,8.84321,-15.9925,17.4929,-6.02386,18.2691,17.2817,-7.00659,1.26784,15.0285,8.7558,0.858159,15.6205,-20.1936,-15.701,-1.51723,-7.56063,-16.4308,-15.2732,-7.1577,-28.8966,-1.76496,8.85619,28.2653,-4.76853,-6.77504,17.3808,-14.9102,-7.29787,21.6012,-8.81664,-7.29787,21.6012,-8.81664,-6.77504,17.3808,-14.9102,-17.9284,17.8977,-2.64124,8.29231,-15.7229,-14.699,8.57865,-27.6741,-3.61934,-7.1577,-28.8966,-1.76496,-7.1577,-28.8966,-1.76496,8.57865,-27.6741,-3.61934,9.69707,-27.4528,6.44488,-20.1936,-15.701,-1.51723,-7.1577,-28.8966,-1.76496,-8.72137,-25.4419,6.78308,-6.404,0.522912,-17.4929,-7.56063,-16.4308,-15.2732,-20.1936,-15.701,-1.51723]},"normal":{"type":"float32","components":3,