{"model":{"version":2,"nodes":[{"name":"RootNode","position":[0,0,0],"rotation":[0,0,0],"scale":[1,1,1]},{"name":"D","position":[0,0,0],"rotation":[2.50448e-06,-0,0],"scale":[0.01,0.01,0.01]}],"parents":[-1,0],"skins":[],"vertices":[{"position":{"type":"float32","components":3,"data":[-17.5203,16.2972,-18.9586,-7.46431,-5.335,-5.61115,-18.4121,-9.43385,0.683914,19.2103,11.9688,13.5754,11.057,15.1053,22.1725,-6.43221,-8.66971,17.6629,1.40251,-24.8379,4.36164,20.6383,10.9332,-17.4947,25.3765,18.2086,-4.52368,-0.605957,21.5099,-9.91532,-19.6893,24.8379,5.42993,23.1403,19.789,8.19901,-11.7918,13.2964,21.3589,-25.3765,11.28,9.20069,-6.43221,-8.66971,17.6629,23.1403,19.789,8.19901,-19.6893,24.8379,5.42993,11.057,15.1053,22.1725,-19.6893,24.8379,5.42993,-0.605957,21.5099,-9.91532,-17.5203,16.2972,-18.9586,-25.3765,11.28,9.20069,-25.1975,17.3393,-5.62302,-18.4121,-9.43385,0.683914,-25.3765,11.28,9.20069,-18.4121,-9.43385,0.683914,-6.43221,-8.66971,17.6629,-6.43221,-8.66971,17.6629,1.40251,-24.8379,4.36164,19.2103,11.9688,13.5754,-17.5203,16.2972,-18.9586,1.30133,10.4668,-22.1725,0.574921,-3.80444,-17.5131,25.3765,18.2086,-4.52368,20.6383,10.9332,-17.4947,1.30133,10.4668,-22.1725,-19.6893,24.8379,5.42993,-11.7918,13.2964,21.3589,11.057,15.1053,22.1725,-6.43221,-8.66971,17.6629,11.057,15.1053,22.1725,-11.7918,13.2964,21.3589,-1.48485,-21.0721,-6.10646,1.40251,-24.8379,4.36164,-6.43221,-8.66971,17.6629,20.6383,10.9332,-17.4947,1.40251,-24.8379,4.36164,-1.48485,-21.0721,-6.10646,25.3765,18.2086,-4.52368,19.2103,11.9688,13.5754,1.40251,-24.8379,4.36164,23.1403,19.789,8.19901,25.3765,18.2086,-4.52368,-0.605957,21.5099,-9.91532,-11.7918,13.2964,21.3589,-19.6893,24.8379,5.42993,-25.3765,11.28,9.20069,-25.1975,17.3393,-5.62302,-25.3765,11.28,9.20069,-19.6893,24.8379,5.42993,0.574921,-3.80444,-17.5131,1.30133,10.4668,-22.1725,20.6383,10.9332,-17.4947,20.6383,10.9332,-17.4947,-1.48485,-21.0721,-6.10646,0.574921,-3.80444,-17.5131,-0.605957,21.5099,-9.91532,25.3765,18.2086,-4.52368,1.30133,10.4668,-22.1725,1.30133,10.4668,-22.1725,-17.5203,16.2972,-18.9586,-0.605957,21.5099,-9.91532,-1.48485,-21.0721,-6.10646,-18.4121,-9.43385,0.683914,-7.46431,-5.335,-5.61115,25.3765,18.2086,-4.52368,23.1403,19.789,8.19901,19.2103,11.9688,13.5754,19.2103,11.9688,13.5754,23.1403,19.789,8.19901,11.057,15.1053,22.1725,0.574921,-3.80444,-17.5131,-7.46431,-5.335,-5.61115,-17.5203,16.2972,-18.9586,-7.46431,-5.335,-5.61115,0.574921,-3.80444,-17.5131,-1.48485,-21.0721,-6.10646,-18.4121,-9.43385,0.683914,-25.1975,17.3393,-5.62302,-17.5203,16.2972,-18.9586,-19.6893,24.8379,5.42993,-17.5203,16.2972,-18.9586,-25.1975,17.3393,-5.62302,-18.4121,-9.43385,0.683914,-1.48485,-21.0721,-6.10646,-6.43221,-8.66971,17.6629]},"normal":{"type":"float32","components":3,"data":[-0.227881,-0.585817,-0.777746,-0.227881,-0.585817,-0.777746,-0.227881,-0.585817,-0.777746,0.521555,-0.512983,0.681784,0.521555,-0.512983,0.681784,0.521555,-0.512983,0.681784,0.869264,-0.492628,-0.0412158,0.869263,-0.492628,-0.0412158,0.869264,-0.492628,-0.0412158,0.120937,0.990567,-0.0644324,0.120937,0.990567,-0.0644324,0.120937,0.990567,-0.0644324,-0.618271,-0.274755,0.736377,-0.618271,-0.274755,0.736377,-0.618271,-0.274755,0.736377,0.0838928,0.920699,0.381149,0.0838928,0.9207,0.381149,0.0838928,0.920699,0.381149,-0.107983,0.935248,-0.337121,-0.107983,0.935248,-0.337121,-0.107983,0.935248,-0.337121,-0.954849,-0.270789,-0.122216,-0.954849,-0.270789,-0.122216,-0.954849,-0.270789,-0.122216,-0.716779,-0.457399,0.526321,-0.716779,-0.457399,0.526321,-0.716779,-0.457399,0.526321,0.461953,-0.419161,0.781603,0.461953,-0.419161,0.781603,0.461953,-0.419161,0.781603,-0.247515,-0.289302,-0.924684,-0.247515,-0.289302,-0.924684,-0.247515,-0.289302,-0.924684,0.104114,0.850721,-0.515203,0.104114,0.850721,-0.515203,0.104114,0.850721,-0.515203,-0.0840582,0.786649,0.611651,-0.0840582,0.786649,0.611651,-0.0840582,0.786649,0.611651,-0.0215396,-0.170996,0.985036,-0.0215396,-0.170996,0.985036,-0.0215396,-0.170996,0.985036,-0.874523,-0.480123,0.0684951,-0.874523,-0.480123,0.0684951,-0.874523,-0.480123,0.0684951,0.677088,-0.612939,-0.407256,0.677088,-0.612939,-0.407256,0.677088,-0.612939,-0.407256,0.877029,-0.459467,0.14039,0.877029,-0.459467,0.14039,0.877029,-0.459467,0.14039,0.145192,0.984658,-0.0967892,0.145192,0.984658,-0.0967892,0.145192,0.984658,-0.0967892,-0.633677,0.442325,0.634667,-0.633677,0.442325,0.634667,-0.633677,0.442325,0.634667,-0.893443,0.419459,0.160669,-0.893442,0.419459,0.160669,-0.893443,0.419459,0.160669,0.230463,-0.312593,-0.921506,0.230463,-0.312593,-0.921506,0.230463,-0.312593,-0.921506,0.396242,-0.538503,-0.743644,0.396242,-0.538503,-0.743644,0.396242,-0.538503,-0.743644,0.225407,0.741008,-0.632534,0.225407,0.741008,-0.632534,0.225407,0.741008,-0.632534,0.119626,0.746794,-0.654208,0.119626,0.746794,-0.654208,0.119626,0.746794,-0.654208,-0.452176,-0.144105,-0.88021,-0.452176,-0.144105,-0.88021,-0.452176,-0.144105,-0.88021,0.923776,-0.324875,0.202718,0.923776,-0.324874,0.202718,0.923776,-0.324875,0.202718,0.738634,0.08826,0.668303,0.738634,0.08826,0.668303,0.738634,0.08826,0.668303,-0.625638,-0.599119,-0.499634,-0.625638,-0.599119,-0.499634,-0.625638,-0.599119,-0.499634,-0.778961,-0.278288,-0.561938,-0.778962,-0.278288,-0.561938,-0.778962,-0.278288,-0.561938,-0.832212,-0.317925,-0.454253,-0.832212,-0.317925,-0.454253,-0.832212,-0.317925,-0.454253,-0.460615,0.824144,-0.329575,-0.460615,0.824144,-0.329575,-0.460615,0.824144,-0.329575,-0.434384,-0.83247,0.343953,-0.434384,-0.83247,0.343953,-0.434384,-0.83247,0.343953]},"texCoord0":{"type":"float32","components":2,"data":[0.305076,0.736537,0.3292,0.379379,0.429529,0.311704,0.751855,0.665073,0.687923,0.716858,0.592124,0.324321,0.669666,0.0573756,0.976395,0.63611,0.869963,0.768426,0.220975,0.822931,0.479648,0.907865,0.0945883,0.984622,0.573284,0.686992,0.476279,0.653701,0.592124,0.324321,0.765907,0.80902,0.479648,0.907865,0.687923,0.716858,0.479648,0.907865,0.220975,0.822931,0.305076,0.736537,0.476279,0.653701,0.390549,0.753743,0.429529,0.311704,0.476279,0.653701,0.429529,0.311704,0.592124,0.324321,0.592124,0.324321,0.669666,0.0573756,0.751855,0.665073,0.305076,0.736537,0.207739,0.640274,0.210745,0.404649,0.0323328,0.768591,0.107897,0.647975,0.207739,0.640274,0.479648,0.907865,0.573284,0.686992,0.687923,0.716858,0.592124,0.324321,0.687923,0.716858,0.573284,0.686992,0.242461,0.119551,0.669666,0.0573756,0.592124,0.324321,0.247812,0.0215118,0.669666,0.0573756,0.242461,0.119551,0.869963,0.768426,0.751855,0.665073,0.669666,0.0573756,0.0945883,0.984622,0.0323328,0.768591,0.220975,0.822931,0.573284,0.686992,0.479648,0.907865,0.476279,0.653701,0.390549,0.753743,0.476279,0.653701,0.479648,0.907865,0.210745,0.404649,0.207739,0.640274,0.107897,0.647975,0.107897,0.647975,0.242461,0.119551,0.210745,0.404649,0.220975,0.822931,0.0323328,0.768591,0.207739,0.640274,0.207739,0.640274,0.305076,0.736537,0.220975,0.822931,0.242461,0.119551,0.429529,0.311704,0.3292,0.379379,0.869963,0.768426,0.765907,0.80902,0.751855,0.665073,0.751855,0.665073,0.765907,0.80902,0.687923,0.716858,0.210745,0.404649,0.3292,0.379379,0.305076,0.736537,0.3292,0.379379,0.210745,0.404649,0.242461,0.119551,0.429529,0.311704,0.390549,0.753743,0.305076,0.736537,0.479648,0.907865,0.305076,0.736537,0.390549,0.753743,0.429529,0.311704,0.242461,0.119551,0.592124,0.324321]}}],"meshes":[{"aabb":{"min":[-25.3765,-24.8379,-22.1725],"max":[25.3765,24.8379,22.1725]},"vertices":0,"indices":[0,1,2,3,4,5,6,7,8,9,10,11,12,13,14,15,16,17,18,19,20,21,22,23,24,25,26,27,28,29,30,31,32,33,34,35,36,37,38,39,40,41,42,43,44,45,46,47,48,49,50,51,52,53,54,55,56,57,58,59,60,61,62,63,64,65,66,67,68,69,70,71,72,73,74,75,76,77,78,79,80,81,82,83,84,85,86,87,88,89,90,91,92,93,94,95],"type":"triangles","base":0,"count":96}],"meshInstances":[{"node":1,"mesh":0}]}}