{"model":{"version":2,"nodes":[{"name":"RootNode","position":[0,0,0],"rotation":[0,0,0],"scale":[1,1,1]},{"name":"F","position":[0,0,0],"rotation":[2.50448e-06,-0,0],"scale":[0.01,0.01,0.01]}],"parents":[-1,0],"skins":[],"vertices":[{"position":{"type":"float32","components":3,"data":[-2.05042,16.7405,9.94663,9.831,1.69072,9.94663,16.7006,3.26034,-0.996475,16.7006,3.26034,-0.996475,-2.57486,29.201,-0.00315857,-2.05042,16.7405,9.94663,-16.1761,0.106524,9.94663,-2.05042,16.7405,9.94663,-2.57486,29.201,-0.00315857,-2.57486,29.201,-0.00315857,-16.7006,-1.34194,-4.24031,-16.1761,0.106524,9.94663,-14.4599,-21.9401,9.94663,-16.1761,0.106524,9.94663,-16.7006,-1.34194,-4.24031,-16.7006,-1.34194,-4.24031,-14.4599,-21.9401,-3.51565,-14.4599,-21.9401,9.94663,9.831,1.69072,9.94663,11.9433,-15.7354,9.94663,16.7006,3.26034,-0.996475,-14.4599,-21.9401,9.94663,-14.4599,-21.9401,-3.51565,0.853924,-29.201,4.63866,11.9433,-15.7354,9.94663,0.853924,-29.201,4.63866,11.9433,-15.7354,-3.51565,-14.4599,-21.9401,9.94663,0.853924,-29.201,4.63866,11.9433,-15.7354,9.94663,11.9433,-15.7354,9.94663,11.9433,-15.7354,-3.51565,16.7006,3.26034,-0.996475,-2.57486,29.201,-0.00315857,16.7006,3.26034,-0.996475,9.67192,-0.612758,-11.3759,9.67192,-0.612758,-11.3759,-1.82035,13.5223,-10.7837,-2.57486,29.201,-0.00315857,-16.7006,-1.34194,-4.24031,-2.57486,29.201,-0.00315857,-1.82035,13.5223,-10.7837,-1.82035,13.5223,-10.7837,-10.2423,-3.3567,-15.1398,-16.7006,-1.34194,-4.24031,-14.4599,-21.9401,-3.51565,-16.7006,-1.34194,-4.24031,-10.2423,-3.3567,-15.1398,-10.2423,-3.3567,-15.1398,-8.90638,-15.6376,-14.7077,-14.4599,-21.9401,-3.51565,16.7006,3.26034,-0.996475,11.9433,-15.7354,-3.51565,6.83556,-11.9383,-14.7077,6.83556,-11.9383,-14.7077,9.67192,-0.612758,-11.3759,16.7006,3.26034,-0.996475,0.853924,-29.201,4.63866,-14.4599,-21.9401,-3.51565,-8.90638,-15.6376,-14.7077,-8.90638,-15.6376,-14.7077,0.223941,-19.9667,-9.84599,0.853924,-29.201,4.63866,11.9433,-15.7354,-3.51565,0.853924,-29.201,4.63866,0.223941,-19.9667,-9.84599,0.223941,-19.9667,-9.84599,6.83556,-11.9383,-14.7077,11.9433,-15.7354,-3.51565,6.83556,-11.9383,-14.7077,-10.2423,-3.3567,-15.1398,-1.82035,13.5223,-10.7837,-1.82035,13.5223,-10.7837,9.67192,-0.612758,-11.3759,6.83556,-11.9383,-14.7077,-2.05042,16.7405,9.94663,-16.1761,0.106524,9.94663,-2.18243,-3.82689,15.1398,-16.1761,0.106524,9.94663,-14.4599,-21.9401,9.94663,-2.18243,-3.82689,15.1398,11.9433,-15.7354,9.94663,9.831,1.69072,9.94663,-2.18243,-3.82689,15.1398,-14.4599,-21.9401,9.94663,11.9433,-15.7354,9.94663,-2.18243,-3.82689,15.1398,9.831,1.69072,9.94663,-2.05042,16.7405,9.94663,-2.18243,-3.82689,15.1398,6.83556,-11.9383,-14.7077,0.223941,-19.9667,-9.84599,-8.90638,-15.6376,-14.7077,-8.90638,-15.6376,-14.7077,-10.2423,-3.3567,-15.1398,6.83556,-11.9383,-14.7077]},"normal":{"type":"float32","components":3,"data":[0.678479,0.535641,0.502746,0.678479,0.535642,0.502747,0.678479,0.535642,0.502747,0.673099,0.478561,0.563841,0.673099,0.478561,0.563841,0.673099,0.478561,0.563841,-0.580547,0.493004,0.648006,-0.580547,0.493004,0.648006,-0.580547,0.493004,0.648006,-0.907092,0.420827,-0.00943388,-0.907092,0.420827,-0.00943387,-0.907092,0.420827,-0.00943387,-0.995986,-0.0775319,0.0447336,-0.995986,-0.0775319,0.0447336,-0.995986,-0.0775319,0.0447336,-0.994136,-0.108141,0,-0.994136,-0.108141,0,-0.994136,-0.108141,0,0.83598,0.101331,0.539323,0.83598,0.101331,0.539323,0.83598,0.101331,0.539323,-0.428421,-0.903579,0,-0.428421,-0.903579,0,-0.428421,-0.903579,0,0.77193,-0.635707,1.29952e-07,0.77193,-0.635707,1.29952e-07,0.77193,-0.635707,1.29952e-07,0.102651,-0.436812,0.893677,0.102651,-0.436812,0.893677,0.102651,-0.436812,0.893677,0.970042,-0.242938,6.88393e-08,0.970042,-0.242938,6.88394e-08,0.970042,-0.242938,6.88394e-08,0.626695,0.488907,-0.606814,0.626695,0.488907,-0.606814,0.626695,0.488907,-0.606814,0.563655,0.486247,-0.667725,0.563655,0.486247,-0.667725,0.563655,0.486247,-0.667725,-0.671854,0.397432,-0.625028,-0.671854,0.397432,-0.625028,-0.671854,0.397432,-0.625028,-0.709658,0.485785,-0.510293,-0.709658,0.485785,-0.510293,-0.709658,0.485785,-0.510293,-0.863857,-0.111254,-0.491298,-0.863857,-0.111254,-0.491298,-0.863857,-0.111254,-0.491298,-0.863857,-0.111254,-0.491298,-0.863857,-0.111254,-0.491298,-0.863857,-0.111254,-0.491298,0.876592,-0.159313,-0.454099,0.876592,-0.159313,-0.454099,0.876592,-0.159313,-0.454099,0.835295,-0.0480693,-0.547697,0.835295,-0.0480693,-0.547697,0.835295,-0.0480693,-0.547697,-0.115779,-0.839822,-0.530372,-0.115779,-0.839822,-0.530372,-0.115779,-0.839822,-0.530372,-0.11578,-0.839822,-0.530372,-0.11578,-0.839822,-0.530372,-0.11578,-0.839822,-0.530372,0.514769,-0.712591,-0.476683,0.514769,-0.712591,-0.476683,0.514769,-0.712591,-0.476683,0.514769,-0.71259,-0.476684,0.514769,-0.71259,-0.476684,0.514769,-0.71259,-0.476684,0.120705,0.191166,-0.974108,0.120705,0.191166,-0.974108,0.120705,0.191166,-0.974108,0.225023,0.222695,-0.948563,0.225023,0.222695,-0.948563,0.225023,0.222695,-0.948563,-0.278828,0.236783,0.930693,-0.278828,0.236783,0.930693,-0.278828,0.236783,0.930693,-0.354597,-0.0276034,0.934611,-0.354598,-0.0276034,0.934612,-0.354597,-0.0276034,0.934611,0.378542,0.045884,0.924446,0.378542,0.045884,0.924446,0.378542,0.045884,0.924446,0.0756341,-0.321847,0.943766,0.0756341,-0.321847,0.943766,0.0756341,-0.321847,0.943766,0.294127,0.232206,0.92713,0.294127,0.232206,0.92713,0.294127,0.232206,0.92713,0.139722,-0.594562,-0.791817,0.139722,-0.594562,-0.791817,0.139722,-0.594561,-0.791817,0.00805655,-0.0342832,-0.99938,0.00805655,-0.0342832,-0.99938,0.00805655,-0.0342832,-0.99938]},"texCoord0":{"type":"float32","components":2,"data":[0.737374,0.782346,0.884922,0.529615,0.997733,0.555973,0.997733,0.555973,0.952628,0.962482,0.737374,0.782346,0.62426,0.503011,0.737374,0.782346,0.576523,0.986136,0.576523,0.986136,0.522733,0.478687,0.62426,0.503011,0.630895,0.132782,0.62426,0.503011,0.522733,0.478687,0.522733,0.478687,0.524045,0.132782,0.630895,0.132782,0.0134399,0.529615,0.027119,0.236978,0.12625,0.555973,0.630895,0.132782,0.524045,0.132782,0.795816,0.0108499,0.027119,0.236978,0.0306385,0.0241934,0.154775,0.236978,0.630895,0.132782,0.795816,0.0108499,0.898601,0.236978,0.027119,0.236978,0.154775,0.236978,0.12625,0.555973,0.154666,0.973399,0.12625,0.555973,0.230154,0.490932,0.230154,0.490932,0.357807,0.728302,0.154666,0.973399,0.522733,0.478687,0.576523,0.986136,0.357807,0.728302,0.357807,0.728302,0.422379,0.444853,0.522733,0.478687,0.524045,0.132782,0.522733,0.478687,0.422379,0.444853,0.422379,0.444853,0.414938,0.23862,0.524045,0.132782,0.12625,0.555973,0.154775,0.236978,0.267759,0.300743,0.267759,0.300743,0.230154,0.490932,0.12625,0.555973,0.407416,0.0290456,0.524045,0.132782,0.414938,0.23862,0.414938,0.23862,0.32881,0.165922,0.407416,0.0290456,0.154775,0.236978,0.237866,0.0326847,0.32881,0.165922,0.32881,0.165922,0.267759,0.300743,0.154775,0.236978,0.267759,0.300743,0.422379,0.444853,0.357807,0.728302,0.357807,0.728302,0.230154,0.490932,0.267759,0.300743,0.737374,0.782346,0.62426,0.503011,0.746362,0.436957,0.62426,0.503011,0.630895,0.132782,0.746362,0.436957,0.898601,0.236978,0.884922,0.529615,0.746362,0.436957,0.630895,0.132782,0.898601,0.236978,0.746362,0.436957,0.884922,0.529615,0.737374,0.782346,0.746362,0.436957,0.267759,0.300743,0.32881,0.165922,0.414938,0.23862,0.414938,0.23862,0.422379,0.444853,0.267759,0.300743]}}],"meshes":[{"aabb":{"min":[-16.7006,-29.201,-15.1398],"max":[16.7006,29.201,15.1398]},"vertices":0,"indices":[0,1,2,3,4,5,6,7,8,9,10,11,12,13,14,15,16,17,18,19,20,21,22,23,24,25,26,27,28,29,30,31,32,33,34,35,36,37,38,39,40,41,42,43,44,45,46,47,48,49,50,51,52,53,54,55,56,57,58,59,60,61,62,63,64,65,66,67,68,69,70,71,72,73,74,75,76,77,78,79,80,81,82,83,84,85,86,87,88,89,90,91,92,93,94,95],"type":"triangles","base":0,"count":96}],"meshInstances":[{"node":1,"mesh":0}]}}