{"model":{"version":2,"nodes":[{"name":"RootNode","position":[0,0,0],"rotation":[0,0,0],"scale":[1,1,1]},{"name":"E","position":[0,0,0],"rotation":[-90,-0,0],"scale":[0.01,0.01,0.01]}],"parents":[-1,0],"skins":[],"vertices":[{"position":{"type":"float32","components":3,"data":[24.8047,-7.06743,11.5541,14.9544,-21.22,11.7387,5.9556,-7.56298,-12.7363,-5.51047,8.02914,-12.9863,-24.5403,8.96263,11.552,-15.7267,21.0433,11.5472,-4.69642,-7.91282,-13.0302,0.822903,-26.1248,8.71087,-15.5262,-20.3568,11.6606,9.00216,-6.03979,19.2425,-7.15321,-9.38724,18.8602,14.9544,-21.22,11.7387,14.9032,21.6742,11.3608,5.98579,8.50263,-13.3846,0.744374,26.1248,11.4148,14.9544,-21.22,11.7387,24.8047,-7.06743,11.5541,9.00216,-6.03979,19.2425,7.03364,10.2618,18.3706,14.9032,21.6742,11.3608,0.744374,26.1248,11.4148,-8.83664,6.89603,18.9476,-15.7267,21.0433,11.5472,-24.5403,8.96263,11.552,-24.5403,8.96263,11.552,-7.15321,-9.38724,18.8602,-8.83664,6.89603,18.9476,-24.5403,8.96263,11.552,-8.93501,3.60543,-12.933,-24.9777,-8.36887,8.6641,-4.69642,-7.91282,-13.0302,5.9556,-7.56298,-12.7363,0.822903,-26.1248,8.71087,-5.51047,8.02914,-12.9863,-8.93501,3.60543,-12.933,-24.5403,8.96263,11.552,0.822903,-26.1248,8.71087,5.9556,-7.56298,-12.7363,14.9544,-21.22,11.7387,-7.15321,-9.38724,18.8602,0.963013,-25.9719,11.6688,14.9544,-21.22,11.7387,-24.9777,-8.36887,8.6641,-4.69642,-7.91282,-13.0302,-15.5262,-20.3568,11.6606,-7.15321,-9.38724,18.8602,-24.5403,8.96263,11.552,-24.7007,-8.34489,11.6225,24.9777,7.82262,11.658,9.63351,3.34942,-13.0201,5.98579,8.50263,-13.3846,-15.7267,21.0433,11.5472,0.566634,10.2094,-13.1009,-5.51047,8.02914,-12.9863,24.9777,7.82262,11.658,9.00216,-6.03979,19.2425,24.8047,-7.06743,11.5541,24.8047,-7.06743,11.5541,9.42363,-2.23742,-12.9128,24.9777,7.82262,11.658,-8.83664,6.89603,18.9476,0.744374,26.1248,11.4148,-15.7267,21.0433,11.5472,-15.7267,21.0433,11.5472,0.744374,26.1248,11.4148,0.566634,10.2094,-13.1009,5.9556,-7.56298,-12.7363,9.42363,-2.23742,-12.9128,24.8047,-7.06743,11.5541,0.269717,0.421942,-19.2425,5.9556,-7.56298,-12.7363,-4.69642,-7.91282,-13.0302,5.98579,8.50263,-13.3846,9.63351,3.34942,-13.0201,0.269717,0.421942,-19.2425,0.269717,0.421942,-19.2425,9.42363,-2.23742,-12.9128,5.9556,-7.56298,-12.7363,5.98579,8.50263,-13.3846,14.9032,21.6742,11.3608,24.9777,7.82262,11.658,14.9032,21.6742,11.3608,7.03364,10.2618,18.3706,24.9777,7.82262,11.658,24.9777,7.82262,11.658,7.03364,10.2618,18.3706,9.00216,-6.03979,19.2425,9.00216,-6.03979,19.2425,-8.83664,6.89603,18.9476,-7.15321,-9.38724,18.8602,0.963013,-25.9719,11.6688,-7.15321,-9.38724,18.8602,-15.5262,-20.3568,11.6606,-15.5262,-20.3568,11.6606,-7.15321,-9.38724,18.8602,-24.7007,-8.34489,11.6225,9.00216,-6.03979,19.2425,7.03364,10.2618,18.3706,-8.83664,6.89603,18.9476,0.744374,26.1248,11.4148,-8.83664,6.89603,18.9476,7.03364,10.2618,18.3706,0.269717,0.421942,-19.2425,-8.93501,3.60543,-12.933,-5.51047,8.02914,-12.9863,0.269717,0.421942,-19.2425,-5.51047,8.02914,-12.9863,0.566634,10.2094,-13.1009,-9.17155,-2.87081,-13.1782,-4.69642,-7.91282,-13.0302,-24.9777,-8.36887,8.6641,-4.69642,-7.91282,-13.0302,-9.17155,-2.87081,-13.1782,0.269717,0.421942,-19.2425,0.269717,0.421942,-19.2425,0.566634,10.2094,-13.1009,5.98579,8.50263,-13.3846,5.98579,8.50263,-13.3846,0.566634,10.2094,-13.1009,0.744374,26.1248,11.4148,24.9777,7.82262,11.658,9.42363,-2.23742,-12.9128,9.63351,3.34942,-13.0201,0.269717,0.421942,-19.2425,9.63351,3.34942,-13.0201,9.42363,-2.23742,-12.9128,0.822903,-26.1248,8.71087,14.9544,-21.22,11.7387,0.963013,-25.9719,11.6688,0.822903,-26.1248,8.71087,0.963013,-25.9719,11.6688,-15.5262,-20.3568,11.6606,-9.17155,-2.87081,-13.1782,-24.9777,-8.36887,8.6641,-8.93501,3.60543,-12.933,-9.17155,-2.87081,-13.1782,-8.93501,3.60543,-12.933,0.269717,0.421942,-19.2425,-24.9777,-8.36887,8.6641,-24.7007,-8.34489,11.6225,-24.5403,8.96263,11.552,-24.9777,-8.36887,8.6641,-15.5262,-20.3568,11.6606,-24.7007,-8.34489,11.6225]},"normal":{"type":"float32","components":3,"data":[0.693646,-0.489675,-0.528274,0.693646,-0.489675,-0.528274,0.693646,-0.489675,-0.528274,-0.677749,0.494244,-0.544408,-0.677749,0.494244,-0.544408,-0.677749,0.494244,-0.544408,-0.364892,-0.757246,-0.541694,-0.364892,-0.757246,-0.541694,-0.364892,-0.757246,-0.541694,0.0658848,-0.421291,0.904529,0.0658848,-0.421291,0.904529,0.0658848,-0.421291,0.904529,0.253561,0.813016,-0.52413,0.253561,0.813016,-0.52413,0.253561,0.813016,-0.52413,0.4067,-0.271689,0.872227,0.4067,-0.271689,0.872227,0.4067,-0.271689,0.872227,0.143093,0.444484,0.884284,0.143093,0.444484,0.884284,0.143093,0.444484,0.884284,-0.379298,0.277072,0.882816,-0.379298,0.277072,0.882816,-0.379298,0.277072,0.882816,-0.430855,-0.049379,0.901069,-0.430855,-0.049379,0.901069,-0.430855,-0.049379,0.901069,-0.826547,0.112749,-0.55146,-0.826547,0.112749,-0.55146,-0.826547,0.112749,-0.55146,0.0428568,-0.760494,-0.647928,0.0428568,-0.760495,-0.647929,0.0428568,-0.760495,-0.647928,-0.669385,0.511712,-0.538586,-0.669385,0.511712,-0.538586,-0.669385,0.511712,-0.538586,0.376462,-0.743194,-0.553118,0.376462,-0.743194,-0.553118,0.376462,-0.743194,-0.553118,0.11353,-0.347968,0.930607,0.11353,-0.347968,0.930607,0.11353,-0.347968,0.930607,-0.580203,-0.596156,-0.554944,-0.580203,-0.596156,-0.554944,-0.580203,-0.596156,-0.554944,-0.380918,0.00730117,0.92458,-0.380918,0.00730117,0.92458,-0.380918,0.00730117,0.92458,0.711006,0.46605,-0.526562,0.711006,0.46605,-0.526563,0.711006,0.46605,-0.526562,-0.29314,0.788671,-0.540433,-0.29314,0.788671,-0.540433,-0.29314,0.788671,-0.540433,0.436875,-0.0113525,0.89945,0.436875,-0.0113525,0.89945,0.436875,-0.0113525,0.89945,0.846047,-0.00611325,-0.533073,0.846047,-0.00611325,-0.533073,0.846047,-0.00611325,-0.533073,-0.120319,0.413505,0.902517,-0.120319,0.413505,0.902517,-0.120319,0.413505,0.902517,-0.254711,0.811931,-0.525253,-0.254711,0.811931,-0.525253,-0.254711,0.811931,-0.525253,0.70039,-0.473793,-0.53383,0.70039,-0.473793,-0.53383,0.70039,-0.473793,-0.53383,0.0419049,-0.613018,-0.788957,0.0419049,-0.613018,-0.788957,0.0419049,-0.613018,-0.788957,0.47127,0.27431,-0.838248,0.47127,0.27431,-0.838248,0.47127,0.27431,-0.838248,0.469093,-0.332596,-0.818127,0.469093,-0.332596,-0.818127,0.469093,-0.332596,-0.818127,0.698021,0.496619,-0.515885,0.698021,0.496619,-0.515885,0.698021,0.496619,-0.515885,0.369623,0.287791,0.883491,0.369623,0.287791,0.88349,0.369623,0.287791,0.88349,0.359931,0.0931163,0.92832,0.359931,0.0931163,0.92832,0.359931,0.0931163,0.92832,-0.0220768,-0.00764725,0.999727,-0.0220768,-0.00764725,0.999727,-0.0220768,-0.00764725,0.999727,-0.155765,-0.456149,0.876165,-0.155765,-0.456149,0.876165,-0.155765,-0.456149,0.876165,-0.379762,-0.287265,0.879352,-0.379762,-0.287265,0.879352,-0.379762,-0.287265,0.879352,0.0243389,0.0563244,0.998116,0.0243389,0.0563244,0.998116,0.0243389,0.0563244,0.998116,-0.0481545,0.385041,0.921642,-0.0481545,0.385041,0.921642,-0.0481545,0.385041,0.921642,-0.4497,0.338179,-0.826683,-0.4497,0.338179,-0.826683,-0.4497,0.338179,-0.826683,-0.203863,0.52479,-0.82646,-0.203863,0.52479,-0.826459,-0.203863,0.52479,-0.82646,-0.603175,-0.552252,-0.575498,-0.603175,-0.552252,-0.575498,-0.603175,-0.552252,-0.575498,-0.401876,-0.381133,-0.832607,-0.401876,-0.381133,-0.832607,-0.401876,-0.381133,-0.832607,0.121235,0.52496,-0.842448,0.121235,0.52496,-0.842448,0.121235,0.52496,-0.842448,0.229092,0.815686,-0.531199,0.229092,0.815686,-0.531199,0.229092,0.815686,-0.531199,0.851875,-0.0420331,-0.522055,0.851875,-0.0420331,-0.522055,0.851875,-0.0420331,-0.522055,0.561073,-0.0369662,-0.826941,0.561073,-0.0369662,-0.826941,0.561073,-0.0369662,-0.826941,0.321258,-0.946392,0.0336943,0.321258,-0.946392,0.0336943,0.321258,-0.946392,0.0336943,-0.321721,-0.944665,0.0640617,-0.321721,-0.944665,0.0640617,-0.321721,-0.944665,0.0640617,-0.815176,0.0516141,-0.576909,-0.815176,0.0516141,-0.576909,-0.815176,0.0516141,-0.576909,-0.552412,0.0516732,-0.831968,-0.552412,0.0516732,-0.831968,-0.552412,0.0516732,-0.831968,-0.995607,0.00961104,0.0931344,-0.995607,0.00961104,0.0931344,-0.995607,0.00961104,